-- phpMyAdmin SQL Dump
-- version 4.6.4
-- https://www.phpmyadmin.net/
--
-- Client :  127.0.0.1
-- Généré le :  Mer 17 Mai 2017 à 11:27
-- Version du serveur :  5.7.14
-- Version de PHP :  7.0.10

SET SQL_MODE = "NO_AUTO_VALUE_ON_ZERO";
SET time_zone = "+00:00";


/*!40101 SET @OLD_CHARACTER_SET_CLIENT=@@CHARACTER_SET_CLIENT */;
/*!40101 SET @OLD_CHARACTER_SET_RESULTS=@@CHARACTER_SET_RESULTS */;
/*!40101 SET @OLD_COLLATION_CONNECTION=@@COLLATION_CONNECTION */;
/*!40101 SET NAMES utf8mb4 */;

--
-- Base de données :  `statisfoot`
--

-- --------------------------------------------------------

--
-- Structure de la table `but`
--

CREATE TABLE `but` (
  `id` int(11) NOT NULL,
  `joueur_id` int(11) NOT NULL,
  `type_but_id` int(11) NOT NULL,
  `type_action_id` int(11) NOT NULL,
  `match_foot_id` int(11) NOT NULL,
  `min_jeu` int(11) NOT NULL
) ENGINE=InnoDB DEFAULT CHARSET=utf8 COLLATE=utf8_unicode_ci;

--
-- Contenu de la table `but`
--

INSERT INTO `but` (`id`, `joueur_id`, `type_but_id`, `type_action_id`, `match_foot_id`, `min_jeu`) VALUES
(1, 7, 3, 1, 3, 50),
(2, 7, 3, 2, 3, 86),
(3, 7, 1, 2, 5, 12),
(4, 7, 3, 3, 5, 30),
(5, 6, 2, 2, 6, 12),
(6, 8, 3, 2, 3, 45),
(7, 10, 3, 1, 9, 40),
(8, 10, 7, 5, 9, 40),
(9, 10, 4, 2, 9, 14),
(10, 25, 2, 4, 3, 6),
(11, 10, 4, 3, 3, 7),
(12, 10, 2, 4, 3, 7),
(13, 10, 3, 2, 4, 2),
(14, 11, 6, 5, 4, 3),
(15, 25, 5, 1, 4, 3),
(16, 10, 4, 3, 4, 4),
(17, 26, 4, 4, 4, 4),
(18, 25, 1, 2, 6, 1),
(19, 26, 1, 1, 7, 3),
(20, 26, 1, 1, 7, 3),
(21, 10, 6, 5, 8, 1),
(22, 25, 3, 1, 8, 1),
(23, 21, 7, 5, 9, 1),
(24, 26, 1, 2, 9, 1);

-- --------------------------------------------------------

--
-- Structure de la table `club`
--

CREATE TABLE `club` (
  `id` int(11) NOT NULL,
  `nom_club` varchar(40) COLLATE utf8_unicode_ci NOT NULL
) ENGINE=InnoDB DEFAULT CHARSET=utf8 COLLATE=utf8_unicode_ci;

--
-- Contenu de la table `club`
--

INSERT INTO `club` (`id`, `nom_club`) VALUES
(1, 'ASSE'),
(2, 'OL'),
(3, 'PSG'),
(4, 'NICE');

-- --------------------------------------------------------

--
-- Structure de la table `competition`
--

CREATE TABLE `competition` (
  `id` int(11) NOT NULL,
  `nom_compet` varchar(40) COLLATE utf8_unicode_ci NOT NULL,
  `saison` varchar(10) COLLATE utf8_unicode_ci NOT NULL,
  `date_deb` date NOT NULL,
  `date_fin` date NOT NULL
) ENGINE=InnoDB DEFAULT CHARSET=utf8 COLLATE=utf8_unicode_ci;

--
-- Contenu de la table `competition`
--

INSERT INTO `competition` (`id`, `nom_compet`, `saison`, `date_deb`, `date_fin`) VALUES
(1, 'coup de france', '2016-2017', '2017-03-01', '2017-03-09'),
(2, 'ligue1', '2016-2017', '2017-03-14', '2017-03-07'),
(3, 'Coupe de la Ligue', '2016-2017', '2016-09-01', '2017-06-22'),
(4, 'UEFA Yougth League', '2016-2017', '2016-11-10', '2017-05-31');

-- --------------------------------------------------------

--
-- Structure de la table `equipe`
--

CREATE TABLE `equipe` (
  `id` int(11) NOT NULL,
  `club_id` int(11) NOT NULL,
  `niveau_id` int(11) NOT NULL,
  `systeme_id` int(11) NOT NULL,
  `nom` varchar(40) COLLATE utf8_unicode_ci NOT NULL
) ENGINE=InnoDB DEFAULT CHARSET=utf8 COLLATE=utf8_unicode_ci;

--
-- Contenu de la table `equipe`
--

INSERT INTO `equipe` (`id`, `club_id`, `niveau_id`, `systeme_id`, `nom`) VALUES
(1, 1, 1, 1, 'ASSE de saint-etienne'),
(2, 2, 1, 2, 'OL de Lyon'),
(3, 3, 1, 1, 'PSG'),
(4, 4, 1, 2, 'NICE');

-- --------------------------------------------------------

--
-- Structure de la table `equipe_manager`
--

CREATE TABLE `equipe_manager` (
  `id` int(11) NOT NULL,
  `manager_id` int(11) NOT NULL,
  `equipe_id` int(11) NOT NULL,
  `date_debut` date NOT NULL,
  `date_fin` date NOT NULL
) ENGINE=InnoDB DEFAULT CHARSET=utf8 COLLATE=utf8_unicode_ci;

--
-- Contenu de la table `equipe_manager`
--

INSERT INTO `equipe_manager` (`id`, `manager_id`, `equipe_id`, `date_debut`, `date_fin`) VALUES
(1, 3, 1, '2016-01-16', '2017-10-31'),
(2, 1, 2, '2015-04-25', '2018-04-19'),
(3, 2, 3, '2016-12-18', '2017-12-18');

-- --------------------------------------------------------

--
-- Structure de la table `joueur`
--

CREATE TABLE `joueur` (
  `id` int(11) NOT NULL,
  `poste_id` int(11) NOT NULL,
  `nom_j` varchar(40) COLLATE utf8_unicode_ci NOT NULL,
  `prenom_j` varchar(40) COLLATE utf8_unicode_ci NOT NULL,
  `date_naiss` date NOT NULL
) ENGINE=InnoDB DEFAULT CHARSET=utf8 COLLATE=utf8_unicode_ci;

--
-- Contenu de la table `joueur`
--

INSERT INTO `joueur` (`id`, `poste_id`, `nom_j`, `prenom_j`, `date_naiss`) VALUES
(1, 1, 'KOMAH', 'Momo', '1998-02-20'),
(2, 2, 'KADRI', 'Aboubacar', '1997-03-16'),
(3, 3, 'JORDI', 'Alba', '1989-03-03'),
(4, 4, 'ALVES', 'Daniel', '1987-06-14'),
(5, 5, 'NIANFO', 'Solo', '1992-03-29'),
(6, 6, 'DASS', 'Eric', '1998-05-26'),
(7, 7, 'MAHAMADOU', 'Nour', '1993-05-24'),
(8, 8, 'PEDRO', 'Rodriguez', '1987-03-23'),
(9, 9, 'SUAREZ', 'Luis', '1987-03-16'),
(10, 9, 'MESSI', 'Lionel', '1986-12-20'),
(11, 7, 'INIESTA', 'Andres', '1985-05-26'),
(12, 6, 'XAVI', 'Hernandes', '1983-03-17'),
(14, 2, 'keita', 'karamoko', '2013-04-08'),
(15, 7, 'keita', 'Balde', '2012-01-01'),
(16, 5, 'Touré', 'Yaya', '2012-01-06'),
(17, 2, 'Umtiti', 'Samuel', '2013-01-01'),
(18, 4, 'Assou', 'Ekoto', '2012-01-01'),
(19, 3, 'Lefolle', 'Adrien', '2012-01-01'),
(20, 1, 'Bernard', 'Marc', '2012-01-01'),
(21, 9, 'Ezquel', 'Lavezzi', '2012-03-01'),
(22, 5, 'Baroine', 'Christian', '2012-01-01'),
(23, 5, 'Ndiaye', 'Allassan', '2012-01-01'),
(24, 6, 'Ouattara', 'Dramane', '2012-01-01'),
(25, 6, 'Hugo', 'Victor', '2012-01-05'),
(26, 7, 'Moussa', 'Maazou', '2012-05-01'),
(27, 2, 'Serge', 'Beno', '2012-01-08'),
(28, 6, 'Diané', 'Yayi', '2012-03-01');

-- --------------------------------------------------------

--
-- Structure de la table `joueur_equipe`
--

CREATE TABLE `joueur_equipe` (
  `id` int(11) NOT NULL,
  `joueur_id` int(11) NOT NULL,
  `equipe_id` int(11) NOT NULL,
  `poste` varchar(10) COLLATE utf8_unicode_ci DEFAULT NULL,
  `titulaire` tinyint(1) NOT NULL,
  `remplacant` tinyint(1) NOT NULL,
  `date_debut` date NOT NULL,
  `date_fin` date NOT NULL
) ENGINE=InnoDB DEFAULT CHARSET=utf8 COLLATE=utf8_unicode_ci;

--
-- Contenu de la table `joueur_equipe`
--

INSERT INTO `joueur_equipe` (`id`, `joueur_id`, `equipe_id`, `poste`, `titulaire`, `remplacant`, `date_debut`, `date_fin`) VALUES
(1, 1, 1, 'GB', 1, 0, '2017-01-04', '2017-12-04'),
(2, 2, 1, 'DC', 0, 1, '2017-01-04', '2017-12-04'),
(3, 3, 1, 'LG', 1, 0, '2017-01-01', '2018-03-16'),
(4, 4, 1, 'LD', 1, 0, '2017-03-16', '2019-03-28'),
(5, 5, 2, 'GB', 1, 0, '2017-01-01', '2018-03-15'),
(6, 6, 2, 'DC', 1, 0, '2017-03-18', '2018-03-14'),
(7, 7, 2, 'MD', 1, 0, '2017-01-05', '2019-03-24'),
(8, 8, 2, 'AC', 1, 0, '2017-03-01', '2018-04-19'),
(9, 9, 2, 'MO', 1, 0, '2017-03-01', '2019-03-01'),
(10, 10, 1, 'AG', 1, 0, '2017-01-09', '2018-03-28'),
(11, 11, 1, 'MO', 1, 0, '2017-03-01', '2018-03-01'),
(12, 12, 2, 'AD', 1, 0, '2016-12-22', '2019-05-26'),
(13, 14, 1, 'DC', 1, 0, '2017-04-25', '2050-05-10'),
(14, 15, 2, NULL, 0, 1, '2017-04-25', '2050-05-10'),
(15, 16, 1, 'DC', 0, 1, '2017-04-25', '2050-05-10'),
(16, 17, 1, 'DC', 1, 0, '2017-05-16', '2050-05-10'),
(17, 18, 1, 'LG', 0, 1, '2017-05-16', '2050-05-10'),
(18, 19, 1, NULL, 0, 1, '2017-05-16', '2050-05-10'),
(19, 20, 1, NULL, 0, 1, '2017-05-16', '2050-05-10'),
(20, 21, 1, NULL, 0, 1, '2017-05-16', '2050-05-10'),
(21, 22, 1, 'MD', 1, 0, '2017-05-16', '2050-05-10'),
(22, 23, 1, 'MD', 1, 0, '2017-05-16', '2050-05-10'),
(23, 24, 1, 'MO', 1, 0, '2017-05-16', '2050-05-10'),
(24, 25, 1, 'AC', 1, 0, '2017-05-16', '2050-05-10'),
(25, 26, 1, NULL, 0, 1, '2017-05-16', '2050-05-10'),
(26, 27, 1, NULL, 0, 1, '2017-05-16', '2050-05-10'),
(27, 28, 1, NULL, 0, 1, '2017-05-16', '2050-05-10');

-- --------------------------------------------------------

--
-- Structure de la table `manager`
--

CREATE TABLE `manager` (
  `id` int(11) NOT NULL,
  `nom_manag` varchar(40) COLLATE utf8_unicode_ci NOT NULL,
  `prenom_manag` varchar(40) COLLATE utf8_unicode_ci NOT NULL,
  `email` varchar(40) COLLATE utf8_unicode_ci NOT NULL,
  `password` longtext COLLATE utf8_unicode_ci NOT NULL,
  `num_tel` varchar(12) COLLATE utf8_unicode_ci NOT NULL,
  `username` varchar(255) COLLATE utf8_unicode_ci NOT NULL,
  `salt` varchar(255) COLLATE utf8_unicode_ci NOT NULL,
  `roles` longtext COLLATE utf8_unicode_ci NOT NULL COMMENT '(DC2Type:array)'
) ENGINE=InnoDB DEFAULT CHARSET=utf8 COLLATE=utf8_unicode_ci;

--
-- Contenu de la table `manager`
--

INSERT INTO `manager` (`id`, `nom_manag`, `prenom_manag`, `email`, `password`, `num_tel`, `username`, `salt`, `roles`) VALUES
(1, 'NomAlexandre', 'PrenomAlexandre', 'EmailAlexandre', 'Alexandre', '0669965325', 'Alexandre', '', 'a:1:{i:0;s:12:"ROLE_MANAGER";}'),
(2, 'NomMarine', 'PrenomMarine', 'EmailMarine', 'Marine', '0669965325', 'Marine', '', 'a:1:{i:0;s:12:"ROLE_MANAGER";}'),
(3, 'NomAnna', 'PrenomAnna', 'EmailAnna', 'Anna', '0669965325', 'Anna', '', 'a:1:{i:0;s:12:"ROLE_MANAGER";}');

-- --------------------------------------------------------

--
-- Structure de la table `match_equipe`
--

CREATE TABLE `match_equipe` (
  `id` int(11) NOT NULL,
  `equipe_id` int(11) NOT NULL,
  `match_id` int(11) NOT NULL,
  `but_marq` int(11) DEFAULT NULL,
  `but_enc` int(11) DEFAULT NULL,
  `corner_obt` int(11) DEFAULT NULL,
  `corner_conc` int(11) DEFAULT NULL,
  `tir_cadre` int(11) DEFAULT NULL,
  `cf_obt` int(11) DEFAULT NULL,
  `cf_conc` int(11) DEFAULT NULL,
  `penalty_obt` int(11) DEFAULT NULL,
  `penalty_conc` int(11) DEFAULT NULL
) ENGINE=InnoDB DEFAULT CHARSET=utf8 COLLATE=utf8_unicode_ci;

--
-- Contenu de la table `match_equipe`
--

INSERT INTO `match_equipe` (`id`, `equipe_id`, `match_id`, `but_marq`, `but_enc`, `corner_obt`, `corner_conc`, `tir_cadre`, `cf_obt`, `cf_conc`, `penalty_obt`, `penalty_conc`) VALUES
(1, 1, 3, 3, 0, 0, 0, 0, 0, 0, 0, 0),
(2, 2, 3, 0, 3, 0, 0, 0, 0, 0, 0, 0),
(3, 1, 4, 5, 0, 0, 0, 0, 0, 0, 0, 0),
(4, 2, 4, 0, 5, 0, 0, 0, 0, 0, 0, 0),
(5, 3, 6, 0, 1, 0, 0, 0, 0, 0, 0, 0),
(6, 1, 6, 1, 0, 0, 0, 0, 0, 0, 0, 0),
(7, 1, 7, 2, 0, 0, 0, 0, 0, 0, 0, 0),
(8, 4, 7, 0, 2, 0, 0, 0, 0, 0, 0, 0),
(9, 2, 5, 2, 3, 9, 6, 10, 3, 4, NULL, NULL),
(10, 3, 5, 3, 2, 6, 10, 12, 4, 3, NULL, NULL),
(11, 1, 8, 0, 0, 0, 0, 0, 0, 0, 0, 0),
(12, 2, 8, 0, 0, 0, 0, 0, 0, 0, 0, 0),
(13, 1, 9, 2, 0, 0, 0, 0, 0, 0, 0, 0),
(14, 2, 9, 0, 2, 0, 0, 0, 0, 0, 0, 0),
(15, 1, 11, 0, 0, 0, 0, 0, 0, 0, 0, 0),
(16, 3, 10, 0, 0, 0, 0, 0, 0, 0, 0, 0),
(17, 1, 10, 0, 0, 0, 0, 0, 0, 0, 0, 0),
(18, 4, 11, 0, 0, 0, 0, 0, 0, 0, 0, 0);

-- --------------------------------------------------------

--
-- Structure de la table `match_foot`
--

CREATE TABLE `match_foot` (
  `id` int(11) NOT NULL,
  `competition_id` int(11) NOT NULL,
  `date_match` datetime NOT NULL,
  `lieu` varchar(40) COLLATE utf8_unicode_ci NOT NULL,
  `num_journee` int(11) NOT NULL
) ENGINE=InnoDB DEFAULT CHARSET=utf8 COLLATE=utf8_unicode_ci;

--
-- Contenu de la table `match_foot`
--

INSERT INTO `match_foot` (`id`, `competition_id`, `date_match`, `lieu`, `num_journee`) VALUES
(3, 1, '2017-03-15 00:00:00', 'Saint-etienne', 3),
(4, 2, '2017-03-28 00:00:00', 'lyon', 8),
(5, 2, '2017-01-09 00:00:00', 'Roanne', 10),
(6, 1, '2016-12-05 00:00:00', 'lyon', 20),
(7, 1, '2017-03-05 00:00:00', 'ST-ETIENNE', 21),
(8, 1, '2017-05-16 15:00:00', 'Saint-Etienne', 6),
(9, 1, '2017-05-28 16:00:00', 'Saint-Etienne', 8),
(10, 2, '2017-05-21 14:00:00', 'Lyon', 5),
(11, 2, '2017-05-23 10:00:00', 'Lyon', 4);

-- --------------------------------------------------------

--
-- Structure de la table `match_joueur`
--

CREATE TABLE `match_joueur` (
  `id` int(11) NOT NULL,
  `joueur_id` int(11) NOT NULL,
  `match_foot_id` int(11) NOT NULL,
  `poste` varchar(10) COLLATE utf8_unicode_ci NOT NULL,
  `min_entre` int(11) NOT NULL,
  `min_sortie` int(11) NOT NULL,
  `nb_duel_gagne` int(11) NOT NULL,
  `nb_balle_inter` int(11) NOT NULL,
  `nb_balle_recup` int(11) NOT NULL,
  `nb_balle_arret` int(11) NOT NULL,
  `nb_centre` int(11) NOT NULL,
  `nb_tacle` int(11) NOT NULL,
  `carton_rouge` tinyint(1) NOT NULL,
  `carton_jaune` int(11) NOT NULL,
  `nb_tir_cadre` int(11) NOT NULL
) ENGINE=InnoDB DEFAULT CHARSET=utf8 COLLATE=utf8_unicode_ci;

--
-- Contenu de la table `match_joueur`
--

INSERT INTO `match_joueur` (`id`, `joueur_id`, `match_foot_id`, `poste`, `min_entre`, `min_sortie`, `nb_duel_gagne`, `nb_balle_inter`, `nb_balle_recup`, `nb_balle_arret`, `nb_centre`, `nb_tacle`, `carton_rouge`, `carton_jaune`, `nb_tir_cadre`) VALUES
(1, 1, 3, 'GB', 0, 23, 2, 0, 0, 10, 0, 1, 0, 1, 0),
(2, 1, 6, 'GB', 0, 90, 2, 2, 0, 13, 0, 1, 0, 1, 0),
(3, 7, 3, 'AC', 0, 90, 5, 6, 7, 0, 2, 4, 0, 0, 0),
(4, 7, 6, 'AC', 0, 78, 1, 2, 1, 0, 3, 0, 0, 1, 0),
(5, 1, 9, 'GB', 0, 90, 0, 0, 0, 0, 0, 0, 0, 0, 0),
(6, 2, 9, 'DC', 0, 90, 0, 0, 0, 0, 0, 0, 0, 0, 0),
(7, 4, 9, 'LD', 0, 90, 0, 0, 0, 0, 0, 0, 0, 0, 0),
(8, 10, 9, 'AG', 0, 1, 0, 0, 0, 0, 0, 0, 0, 0, 1),
(9, 11, 9, 'AC', 0, 90, 0, 0, 0, 0, 0, 0, 0, 0, 0),
(10, 16, 9, 'DC', 0, 90, 0, 0, 0, 0, 0, 0, 0, 0, 0),
(11, 1, 9, 'GB', 0, 90, 0, 0, 0, 0, 0, 0, 0, 0, 0),
(12, 2, 9, 'DC', 0, 90, 0, 0, 0, 0, 0, 0, 0, 0, 0),
(13, 4, 9, 'LD', 0, 90, 0, 0, 0, 0, 0, 0, 0, 0, 0),
(14, 10, 9, 'AG', 0, 90, 0, 0, 0, 0, 0, 0, 0, 0, 0),
(15, 11, 9, 'AC', 0, 90, 0, 0, 0, 0, 0, 0, 0, 0, 0),
(16, 16, 9, 'DC', 0, 90, 0, 0, 0, 0, 0, 0, 0, 0, 0),
(17, 1, 9, 'GB', 0, 90, 0, 0, 0, 0, 0, 0, 0, 0, 0),
(18, 2, 9, 'DC', 0, 90, 0, 0, 0, 0, 0, 0, 0, 0, 0),
(19, 4, 9, 'LD', 0, 90, 0, 0, 0, 0, 0, 0, 0, 0, 0),
(20, 10, 9, 'AG', 0, 90, 0, 0, 0, 0, 0, 0, 0, 0, 0),
(21, 11, 9, 'AC', 0, 90, 0, 0, 0, 0, 0, 0, 0, 0, 0),
(22, 16, 9, 'DC', 0, 90, 0, 0, 0, 0, 0, 0, 0, 0, 0),
(23, 1, 9, 'GB', 0, 90, 0, 0, 0, 0, 0, 0, 0, 0, 0),
(24, 2, 9, 'DC', 0, 90, 0, 0, 0, 0, 0, 0, 0, 0, 0),
(25, 4, 9, 'LD', 0, 90, 0, 0, 0, 0, 0, 0, 0, 0, 0),
(26, 10, 9, 'AG', 0, 90, 0, 0, 0, 0, 0, 0, 0, 0, 0),
(27, 11, 9, 'AC', 0, 90, 0, 0, 0, 0, 0, 0, 0, 0, 0),
(28, 16, 9, 'DC', 0, 90, 0, 0, 0, 0, 0, 0, 0, 0, 0),
(29, 1, 9, 'GB', 0, 90, 0, 0, 0, 0, 0, 0, 0, 0, 0),
(30, 2, 9, 'DC', 0, 90, 0, 0, 0, 0, 0, 0, 0, 0, 0),
(31, 4, 9, 'LD', 0, 90, 0, 0, 0, 0, 0, 0, 0, 0, 0),
(32, 10, 9, 'AG', 0, 90, 0, 0, 0, 0, 0, 0, 0, 0, 0),
(33, 11, 9, 'AC', 0, 90, 0, 0, 0, 0, 0, 0, 0, 0, 0),
(34, 16, 9, 'DC', 0, 90, 0, 0, 0, 0, 0, 0, 0, 0, 0),
(35, 1, 9, 'GB', 0, 90, 0, 0, 0, 0, 0, 0, 0, 0, 0),
(36, 2, 9, 'DC', 0, 90, 0, 0, 0, 0, 0, 0, 0, 0, 0),
(37, 4, 9, 'LD', 0, 90, 0, 0, 0, 0, 0, 0, 0, 0, 0),
(38, 10, 9, 'AG', 0, 90, 0, 0, 0, 0, 0, 0, 0, 0, 0),
(39, 11, 9, 'AC', 0, 90, 0, 0, 0, 0, 0, 0, 0, 0, 0),
(40, 16, 9, 'DC', 0, 90, 0, 0, 0, 0, 0, 0, 0, 0, 0),
(41, 1, 9, 'GB', 0, 90, 0, 0, 0, 0, 0, 0, 0, 0, 0),
(42, 2, 9, 'DC', 0, 90, 0, 0, 0, 0, 0, 0, 0, 0, 0),
(43, 4, 9, 'LD', 0, 90, 0, 0, 0, 0, 0, 0, 0, 0, 0),
(44, 10, 9, 'AG', 0, 90, 0, 0, 0, 0, 0, 0, 0, 0, 0),
(45, 11, 9, 'AC', 0, 90, 0, 0, 0, 0, 0, 0, 0, 0, 0),
(46, 16, 9, 'DC', 0, 90, 0, 0, 0, 0, 0, 0, 0, 0, 0),
(47, 1, 9, 'GB', 0, 90, 0, 0, 0, 0, 0, 0, 0, 0, 0),
(48, 2, 9, 'DC', 0, 90, 0, 0, 0, 0, 0, 0, 0, 0, 0),
(49, 4, 9, 'LD', 0, 90, 0, 0, 0, 0, 0, 0, 0, 0, 0),
(50, 10, 9, 'AG', 0, 90, 0, 0, 0, 0, 0, 0, 0, 0, 0),
(51, 11, 9, 'AC', 0, 90, 0, 0, 0, 0, 0, 0, 0, 0, 0),
(52, 16, 9, 'DC', 0, 90, 0, 0, 0, 0, 0, 0, 0, 0, 0),
(53, 1, 9, 'GB', 0, 90, 0, 0, 0, 0, 0, 0, 0, 0, 0),
(54, 2, 9, 'DC', 0, 90, 0, 0, 0, 0, 0, 0, 0, 0, 0),
(55, 4, 9, 'LD', 0, 90, 0, 0, 0, 0, 0, 0, 0, 0, 0),
(56, 10, 9, 'AG', 0, 90, 0, 0, 0, 0, 0, 0, 0, 0, 0),
(57, 11, 9, 'AC', 0, 90, 0, 0, 0, 0, 0, 0, 0, 0, 0),
(58, 16, 9, 'DC', 0, 90, 0, 0, 0, 0, 0, 0, 0, 0, 0),
(59, 1, 9, 'GB', 0, 90, 0, 0, 0, 0, 0, 0, 0, 0, 0),
(60, 2, 9, 'DC', 0, 90, 0, 0, 0, 0, 0, 0, 0, 0, 0),
(61, 4, 9, 'LD', 0, 90, 0, 0, 0, 0, 0, 0, 0, 0, 0),
(62, 10, 9, 'AG', 0, 90, 0, 0, 0, 0, 0, 0, 0, 0, 0),
(63, 11, 9, 'AC', 0, 90, 0, 0, 0, 0, 0, 0, 0, 0, 0),
(64, 16, 9, 'DC', 0, 90, 0, 0, 0, 0, 0, 0, 0, 0, 0),
(65, 1, 9, 'GB', 0, 90, 0, 0, 0, 0, 0, 0, 0, 0, 0),
(66, 2, 9, 'DC', 0, 90, 0, 0, 0, 0, 0, 0, 0, 0, 0),
(67, 4, 9, 'LD', 0, 90, 0, 0, 0, 0, 0, 0, 0, 0, 0),
(68, 10, 9, 'AG', 0, 90, 0, 0, 0, 0, 0, 0, 0, 0, 0),
(69, 11, 9, 'AC', 0, 90, 0, 0, 0, 0, 0, 0, 0, 0, 0),
(70, 16, 9, 'DC', 0, 90, 0, 0, 0, 0, 0, 0, 0, 0, 0),
(71, 1, 9, 'GB', 0, 90, 0, 0, 0, 0, 0, 0, 0, 0, 0),
(72, 2, 9, 'DC', 0, 90, 0, 0, 0, 0, 0, 0, 0, 0, 0),
(73, 4, 9, 'LD', 0, 90, 0, 0, 0, 0, 0, 0, 0, 0, 0),
(74, 10, 9, 'AG', 0, 90, 0, 0, 0, 0, 0, 0, 0, 0, 0),
(75, 11, 9, 'AC', 0, 90, 0, 0, 0, 0, 0, 0, 0, 0, 0),
(76, 16, 9, 'DC', 0, 90, 0, 0, 0, 0, 0, 0, 0, 0, 0),
(77, 1, 9, 'GB', 0, 90, 0, 0, 0, 0, 0, 0, 0, 0, 0),
(78, 2, 9, 'DC', 0, 90, 0, 0, 0, 0, 0, 0, 0, 0, 0),
(79, 4, 9, 'LD', 0, 90, 0, 0, 0, 0, 0, 0, 0, 0, 0),
(80, 10, 9, 'AG', 0, 90, 0, 0, 0, 0, 0, 0, 0, 0, 0),
(81, 11, 9, 'AC', 0, 90, 0, 0, 0, 0, 0, 0, 0, 0, 0),
(82, 16, 9, 'DC', 0, 90, 0, 0, 0, 0, 0, 0, 0, 0, 0),
(83, 1, 9, 'GB', 0, 90, 0, 0, 0, 0, 0, 0, 0, 0, 0),
(84, 2, 9, 'DC', 0, 90, 0, 0, 0, 0, 0, 0, 0, 0, 0),
(85, 4, 9, 'LD', 0, 90, 0, 0, 0, 0, 0, 0, 0, 0, 0),
(86, 10, 9, 'AG', 0, 90, 0, 0, 0, 0, 0, 0, 0, 0, 0),
(87, 11, 9, 'AC', 0, 90, 0, 0, 0, 0, 0, 0, 0, 0, 0),
(88, 16, 9, 'DC', 0, 90, 0, 0, 0, 0, 0, 0, 0, 0, 0),
(89, 1, 9, 'GB', 0, 90, 0, 0, 0, 0, 0, 0, 0, 0, 0),
(90, 2, 9, 'DC', 0, 90, 0, 0, 0, 0, 0, 0, 0, 0, 0),
(91, 4, 9, 'LD', 0, 90, 0, 0, 0, 0, 0, 0, 0, 0, 0),
(92, 10, 9, 'AG', 0, 90, 0, 0, 0, 0, 0, 0, 0, 0, 0),
(93, 11, 9, 'AC', 0, 90, 0, 0, 0, 0, 0, 0, 0, 0, 0),
(94, 16, 9, 'DC', 0, 90, 0, 0, 0, 0, 0, 0, 0, 0, 0),
(95, 1, 9, 'GB', 0, 90, 0, 0, 0, 0, 0, 0, 0, 0, 0),
(96, 2, 9, 'DC', 0, 90, 0, 0, 0, 0, 0, 0, 0, 0, 0),
(97, 4, 9, 'LD', 0, 90, 0, 0, 0, 0, 0, 0, 0, 0, 0),
(98, 10, 9, 'AG', 0, 90, 0, 0, 0, 0, 0, 0, 0, 0, 0),
(99, 11, 9, 'AC', 0, 90, 0, 0, 0, 0, 0, 0, 0, 0, 0),
(100, 16, 9, 'DC', 0, 90, 0, 0, 0, 0, 0, 0, 0, 0, 0),
(101, 1, 9, 'GB', 0, 90, 0, 0, 0, 0, 0, 0, 0, 0, 0),
(102, 2, 9, 'DC', 0, 90, 0, 0, 0, 0, 0, 0, 0, 0, 0),
(103, 4, 9, 'LD', 0, 90, 0, 0, 0, 0, 0, 0, 0, 0, 0),
(104, 10, 9, 'AG', 0, 90, 0, 0, 0, 0, 0, 0, 0, 0, 0),
(105, 11, 9, 'AC', 0, 90, 0, 0, 0, 0, 0, 0, 0, 0, 0),
(106, 16, 9, 'DC', 0, 90, 0, 0, 0, 0, 0, 0, 0, 0, 0),
(107, 1, 9, 'GB', 0, 90, 0, 0, 0, 0, 0, 0, 0, 0, 0),
(108, 2, 9, 'DC', 0, 90, 0, 0, 0, 0, 0, 0, 0, 0, 0),
(109, 4, 9, 'LD', 0, 90, 0, 0, 0, 0, 0, 0, 0, 0, 0),
(110, 10, 9, 'AG', 0, 90, 0, 0, 0, 0, 0, 0, 0, 0, 0),
(111, 11, 9, 'AC', 0, 90, 0, 0, 0, 0, 0, 0, 0, 0, 0),
(112, 16, 9, 'DC', 0, 90, 0, 0, 0, 0, 0, 0, 0, 0, 0),
(113, 1, 9, 'GB', 0, 90, 0, 0, 0, 0, 0, 0, 0, 0, 0),
(114, 2, 9, 'DC', 0, 90, 0, 0, 0, 0, 0, 0, 0, 0, 0),
(115, 4, 9, 'LD', 0, 90, 0, 0, 0, 0, 0, 0, 0, 0, 0),
(116, 10, 9, 'AG', 0, 90, 0, 0, 0, 0, 0, 0, 0, 0, 0),
(117, 11, 9, 'AC', 0, 90, 0, 0, 0, 0, 0, 0, 0, 0, 0),
(118, 16, 9, 'DC', 0, 90, 0, 0, 0, 0, 0, 0, 0, 0, 0),
(119, 1, 9, 'GB', 0, 90, 0, 0, 0, 0, 0, 0, 0, 0, 0),
(120, 2, 9, 'DC', 0, 90, 0, 0, 0, 0, 0, 0, 0, 0, 0),
(121, 4, 9, 'LD', 0, 90, 0, 0, 0, 0, 0, 0, 0, 0, 0),
(122, 10, 9, 'AG', 0, 90, 0, 0, 0, 0, 0, 0, 0, 0, 0),
(123, 11, 9, 'AC', 0, 90, 0, 0, 0, 0, 0, 0, 0, 0, 0),
(124, 16, 9, 'DC', 0, 90, 0, 0, 0, 0, 0, 0, 0, 0, 0),
(125, 1, 9, 'GB', 0, 90, 0, 0, 0, 0, 0, 0, 0, 0, 0),
(126, 2, 9, 'DC', 0, 90, 0, 0, 0, 0, 0, 0, 0, 0, 0),
(127, 4, 9, 'LD', 0, 90, 0, 0, 0, 0, 0, 0, 0, 0, 0),
(128, 10, 9, 'AG', 0, 90, 0, 0, 0, 0, 0, 0, 0, 0, 0),
(129, 11, 9, 'AC', 0, 90, 0, 0, 0, 0, 0, 0, 0, 0, 0),
(130, 16, 9, 'DC', 0, 90, 0, 0, 0, 0, 0, 0, 0, 0, 0),
(131, 1, 9, 'GB', 0, 90, 0, 0, 0, 0, 0, 0, 0, 0, 0),
(132, 2, 9, 'DC', 0, 90, 0, 0, 0, 0, 0, 0, 0, 0, 0),
(133, 4, 9, 'LD', 0, 90, 0, 0, 0, 0, 0, 0, 0, 0, 0),
(134, 10, 9, 'AG', 0, 90, 0, 0, 0, 0, 0, 0, 0, 0, 0),
(135, 11, 9, 'AC', 0, 90, 0, 0, 0, 0, 0, 0, 0, 0, 0),
(136, 16, 9, 'DC', 0, 90, 0, 0, 0, 0, 0, 0, 0, 0, 0),
(137, 1, 9, 'GB', 0, 90, 0, 0, 0, 0, 0, 0, 0, 0, 0),
(138, 2, 9, 'DC', 0, 90, 0, 0, 0, 0, 0, 0, 0, 0, 0),
(139, 4, 9, 'LD', 0, 90, 0, 0, 0, 0, 0, 0, 0, 0, 0),
(140, 10, 9, 'AG', 0, 90, 0, 0, 0, 0, 0, 0, 0, 0, 0),
(141, 11, 9, 'AC', 0, 90, 0, 0, 0, 0, 0, 0, 0, 0, 0),
(142, 16, 9, 'DC', 0, 90, 0, 0, 0, 0, 0, 0, 0, 0, 0),
(143, 1, 9, 'GB', 0, 90, 0, 0, 0, 0, 0, 0, 0, 0, 0),
(144, 2, 9, 'DC', 0, 90, 0, 0, 0, 0, 0, 0, 0, 0, 0),
(145, 4, 9, 'LD', 0, 90, 0, 0, 0, 0, 0, 0, 0, 0, 0),
(146, 10, 9, 'AG', 0, 90, 0, 0, 0, 0, 0, 0, 0, 0, 0),
(147, 11, 9, 'AC', 0, 90, 0, 0, 0, 0, 0, 0, 0, 0, 0),
(148, 16, 9, 'DC', 0, 90, 0, 0, 0, 0, 0, 0, 0, 0, 0),
(149, 1, 9, 'GB', 0, 90, 0, 0, 0, 0, 0, 0, 0, 0, 0),
(150, 2, 9, 'DC', 0, 90, 0, 0, 0, 0, 0, 0, 0, 0, 0),
(151, 4, 9, 'LD', 0, 90, 0, 0, 0, 0, 0, 0, 0, 0, 0),
(152, 10, 9, 'AG', 0, 90, 0, 0, 0, 0, 0, 0, 0, 0, 0),
(153, 11, 9, 'AC', 0, 90, 0, 0, 0, 0, 0, 0, 0, 0, 0),
(154, 16, 9, 'DC', 0, 90, 0, 0, 0, 0, 0, 0, 0, 0, 0),
(155, 1, 9, 'GB', 0, 90, 0, 0, 0, 0, 0, 0, 0, 0, 0),
(156, 2, 9, 'DC', 0, 90, 0, 0, 0, 0, 0, 0, 0, 0, 0),
(157, 4, 9, 'LD', 0, 90, 0, 0, 0, 0, 0, 0, 0, 0, 0),
(158, 10, 9, 'AG', 0, 90, 0, 0, 0, 0, 0, 0, 0, 0, 0),
(159, 11, 9, 'AC', 0, 90, 0, 0, 0, 0, 0, 0, 0, 0, 0),
(160, 16, 9, 'DC', 0, 90, 0, 0, 0, 0, 0, 0, 0, 0, 0),
(161, 1, 9, 'GB', 0, 90, 0, 0, 0, 0, 0, 0, 0, 0, 0),
(162, 2, 9, 'DC', 0, 90, 0, 0, 0, 0, 0, 0, 0, 0, 0),
(163, 4, 9, 'LD', 0, 90, 0, 0, 0, 0, 0, 0, 0, 0, 0),
(164, 10, 9, 'AG', 0, 90, 0, 0, 0, 0, 0, 0, 0, 0, 0),
(165, 11, 9, 'AC', 0, 90, 0, 0, 0, 0, 0, 0, 0, 0, 0),
(166, 16, 9, 'DC', 0, 90, 0, 0, 0, 0, 0, 0, 0, 0, 0),
(167, 1, 9, 'GB', 0, 90, 0, 0, 0, 0, 0, 0, 0, 0, 0),
(168, 2, 9, 'DC', 0, 90, 0, 0, 0, 0, 0, 0, 0, 0, 0),
(169, 4, 9, 'LD', 0, 90, 0, 0, 0, 0, 0, 0, 0, 0, 0),
(170, 10, 9, 'AG', 0, 90, 0, 0, 0, 0, 0, 0, 0, 0, 0),
(171, 11, 9, 'AC', 0, 90, 0, 0, 0, 0, 0, 0, 0, 0, 0),
(172, 16, 9, 'DC', 0, 90, 0, 0, 0, 0, 0, 0, 0, 0, 0),
(173, 1, 9, 'GB', 0, 90, 0, 0, 0, 0, 0, 0, 0, 0, 0),
(174, 2, 9, 'DC', 0, 90, 0, 0, 0, 0, 0, 0, 0, 0, 0),
(175, 4, 9, 'LD', 0, 90, 0, 0, 0, 0, 0, 0, 0, 0, 0),
(176, 10, 9, 'AG', 0, 90, 0, 0, 0, 0, 0, 0, 0, 0, 0),
(177, 11, 9, 'AC', 0, 90, 0, 0, 0, 0, 0, 0, 0, 0, 0),
(178, 16, 9, 'DC', 0, 90, 0, 0, 0, 0, 0, 0, 0, 0, 0),
(179, 1, 9, 'GB', 0, 90, 0, 0, 0, 0, 0, 0, 0, 0, 0),
(180, 2, 9, 'DC', 0, 90, 0, 0, 0, 0, 0, 0, 0, 0, 0),
(181, 4, 9, 'LD', 0, 90, 0, 0, 0, 0, 0, 0, 0, 0, 0),
(182, 10, 9, 'AG', 0, 90, 0, 0, 0, 0, 0, 0, 0, 0, 0),
(183, 11, 9, 'AC', 0, 90, 0, 0, 0, 0, 0, 0, 0, 0, 0),
(184, 16, 9, 'DC', 0, 90, 0, 0, 0, 0, 0, 0, 0, 0, 0),
(185, 1, 9, 'GB', 0, 90, 0, 0, 0, 0, 0, 0, 0, 0, 0),
(186, 2, 9, 'DC', 0, 90, 0, 0, 0, 0, 0, 0, 0, 0, 0),
(187, 4, 9, 'LD', 0, 90, 0, 0, 0, 0, 0, 0, 0, 0, 0),
(188, 10, 9, 'AG', 0, 90, 0, 0, 0, 0, 0, 0, 0, 0, 0),
(189, 11, 9, 'AC', 0, 90, 0, 0, 0, 0, 0, 0, 0, 0, 0),
(190, 16, 9, 'DC', 0, 90, 0, 0, 0, 0, 0, 0, 0, 0, 0),
(191, 1, 9, 'GB', 0, 90, 0, 0, 0, 0, 0, 0, 0, 0, 0),
(192, 2, 9, 'DC', 0, 90, 0, 0, 0, 0, 0, 0, 0, 0, 0),
(193, 4, 9, 'LD', 0, 90, 0, 0, 0, 0, 0, 0, 0, 0, 0),
(194, 10, 9, 'AG', 0, 90, 0, 0, 0, 0, 0, 0, 0, 0, 0),
(195, 11, 9, 'AC', 0, 90, 0, 0, 0, 0, 0, 0, 0, 0, 0),
(196, 16, 9, 'DC', 0, 90, 0, 0, 0, 0, 0, 0, 0, 0, 0),
(197, 1, 9, 'GB', 0, 90, 0, 0, 0, 0, 0, 0, 0, 0, 0),
(198, 2, 9, 'DC', 0, 90, 0, 0, 0, 0, 0, 0, 0, 0, 0),
(199, 4, 9, 'LD', 0, 90, 0, 0, 0, 0, 0, 0, 0, 0, 0),
(200, 10, 9, 'AG', 0, 90, 0, 0, 0, 0, 0, 0, 0, 0, 0),
(201, 11, 9, 'AC', 0, 90, 0, 0, 0, 0, 0, 0, 0, 0, 0),
(202, 16, 9, 'DC', 0, 90, 0, 0, 0, 0, 0, 0, 0, 0, 0),
(203, 1, 9, 'GB', 0, 90, 0, 0, 0, 0, 0, 0, 0, 0, 0),
(204, 2, 9, 'DC', 0, 90, 0, 0, 0, 0, 0, 0, 0, 0, 0),
(205, 4, 9, 'LD', 0, 90, 0, 0, 0, 0, 0, 0, 0, 0, 0),
(206, 10, 9, 'AG', 0, 90, 0, 0, 0, 0, 0, 0, 0, 0, 0),
(207, 11, 9, 'AC', 0, 90, 0, 0, 0, 0, 0, 0, 0, 0, 0),
(208, 16, 9, 'DC', 0, 90, 0, 0, 0, 0, 0, 0, 0, 0, 0),
(209, 1, 9, 'GB', 0, 90, 0, 0, 0, 0, 0, 0, 0, 0, 0),
(210, 2, 9, 'DC', 0, 90, 0, 0, 0, 0, 0, 0, 0, 0, 0),
(211, 4, 9, 'LD', 0, 90, 0, 0, 0, 0, 0, 0, 0, 0, 0),
(212, 10, 9, 'AG', 0, 90, 0, 0, 0, 0, 0, 0, 0, 0, 0),
(213, 11, 9, 'AC', 0, 90, 0, 0, 0, 0, 0, 0, 0, 0, 0),
(214, 16, 9, 'DC', 0, 90, 0, 0, 0, 0, 0, 0, 0, 0, 0),
(215, 1, 9, 'GB', 0, 90, 0, 0, 0, 0, 0, 0, 0, 0, 0),
(216, 2, 9, 'DC', 0, 90, 0, 0, 0, 0, 0, 0, 0, 0, 0),
(217, 4, 9, 'LD', 0, 90, 0, 0, 0, 0, 0, 0, 0, 0, 0),
(218, 10, 9, 'AG', 0, 90, 0, 0, 0, 0, 0, 0, 0, 0, 0),
(219, 11, 9, 'AC', 0, 90, 0, 0, 0, 0, 0, 0, 0, 0, 0),
(220, 16, 9, 'DC', 0, 90, 0, 0, 0, 0, 0, 0, 0, 0, 0),
(221, 1, 9, 'GB', 0, 90, 0, 0, 0, 0, 0, 0, 0, 0, 0),
(222, 2, 9, 'DC', 0, 90, 0, 0, 0, 0, 0, 0, 0, 0, 0),
(223, 4, 9, 'LD', 0, 90, 0, 0, 0, 0, 0, 0, 0, 0, 0),
(224, 10, 9, 'AG', 0, 90, 0, 0, 0, 0, 0, 0, 0, 0, 0),
(225, 11, 9, 'AC', 0, 90, 0, 0, 0, 0, 0, 0, 0, 0, 0),
(226, 16, 9, 'DC', 0, 90, 0, 0, 0, 0, 0, 0, 0, 0, 0),
(227, 1, 9, 'GB', 0, 90, 0, 0, 0, 0, 0, 0, 0, 0, 0),
(228, 2, 9, 'DC', 0, 90, 0, 0, 0, 0, 0, 0, 0, 0, 0),
(229, 4, 9, 'LD', 0, 90, 0, 0, 0, 0, 0, 0, 0, 0, 0),
(230, 10, 9, 'AG', 0, 90, 0, 0, 0, 0, 0, 0, 0, 0, 0),
(231, 11, 9, 'AC', 0, 90, 0, 0, 0, 0, 0, 0, 0, 0, 0),
(232, 16, 9, 'DC', 0, 90, 0, 0, 0, 0, 0, 0, 0, 0, 0),
(233, 1, 9, 'GB', 0, 90, 0, 0, 0, 0, 0, 0, 0, 0, 0),
(234, 2, 9, 'DC', 0, 90, 0, 0, 0, 0, 0, 0, 0, 0, 0),
(235, 4, 9, 'LD', 0, 90, 0, 0, 0, 0, 0, 0, 0, 0, 0),
(236, 10, 9, 'AG', 0, 90, 0, 0, 0, 0, 0, 0, 0, 0, 0),
(237, 11, 9, 'AC', 0, 90, 0, 0, 0, 0, 0, 0, 0, 0, 0),
(238, 16, 9, 'DC', 0, 90, 0, 0, 0, 0, 0, 0, 0, 0, 0),
(239, 1, 9, 'GB', 0, 90, 0, 0, 0, 0, 0, 0, 0, 0, 0),
(240, 2, 9, 'DC', 0, 90, 0, 0, 0, 0, 0, 0, 0, 0, 0),
(241, 4, 9, 'LD', 0, 90, 0, 0, 0, 0, 0, 0, 0, 0, 0),
(242, 10, 9, 'AG', 0, 90, 0, 0, 0, 0, 0, 0, 0, 0, 0),
(243, 11, 9, 'AC', 0, 90, 0, 0, 0, 0, 0, 0, 0, 0, 0),
(244, 16, 9, 'DC', 0, 90, 0, 0, 0, 0, 0, 0, 0, 0, 0),
(245, 1, 9, 'GB', 0, 90, 0, 0, 0, 0, 0, 0, 0, 0, 0),
(246, 2, 9, 'DC', 0, 90, 0, 0, 0, 0, 0, 0, 0, 0, 0),
(247, 4, 9, 'LD', 0, 90, 0, 0, 0, 0, 0, 0, 0, 0, 0),
(248, 10, 9, 'AG', 0, 90, 0, 0, 0, 0, 0, 0, 0, 0, 0),
(249, 11, 9, 'AC', 0, 90, 0, 0, 0, 0, 0, 0, 0, 0, 0),
(250, 16, 9, 'DC', 0, 90, 0, 0, 0, 0, 0, 0, 0, 0, 0),
(251, 1, 9, 'GB', 0, 90, 0, 0, 0, 0, 0, 0, 0, 0, 0),
(252, 2, 9, 'DC', 0, 90, 0, 0, 0, 0, 0, 0, 0, 0, 0),
(253, 4, 9, 'LD', 0, 90, 0, 0, 0, 0, 0, 0, 0, 0, 0),
(254, 10, 9, 'AG', 0, 90, 0, 0, 0, 0, 0, 0, 0, 0, 0),
(255, 11, 9, 'AC', 0, 90, 0, 0, 0, 0, 0, 0, 0, 0, 0),
(256, 16, 9, 'DC', 0, 90, 0, 0, 0, 0, 0, 0, 0, 0, 0),
(257, 1, 9, 'GB', 0, 90, 0, 0, 0, 0, 0, 0, 0, 0, 0),
(258, 2, 9, 'DC', 0, 90, 0, 0, 0, 0, 0, 0, 0, 0, 0),
(259, 4, 9, 'LD', 0, 90, 0, 0, 0, 0, 0, 0, 0, 0, 0),
(260, 10, 9, 'AG', 0, 90, 0, 0, 0, 0, 0, 0, 0, 0, 0),
(261, 11, 9, 'AC', 0, 90, 0, 0, 0, 0, 0, 0, 0, 0, 0),
(262, 16, 9, 'DC', 0, 90, 0, 0, 0, 0, 0, 0, 0, 0, 0),
(263, 1, 9, 'DC', 0, 90, 0, 0, 0, 0, 0, 0, 0, 0, 0),
(264, 4, 9, 'GB', 0, 90, 0, 0, 0, 0, 0, 0, 0, 0, 0),
(265, 10, 9, 'AG', 0, 90, 0, 0, 0, 0, 0, 0, 0, 0, 0),
(266, 11, 9, 'AC', 0, 90, 0, 0, 0, 0, 0, 0, 0, 0, 0),
(267, 14, 9, 'DC', 0, 0, 0, 0, 0, 0, 0, 0, 0, 0, 0),
(268, 16, 9, 'LD', 0, 90, 0, 0, 0, 0, 0, 0, 0, 0, 0),
(269, 1, 8, 'DC', 0, 90, 1, 0, 0, 7, 0, 0, 0, 0, 0),
(270, 4, 8, 'GB', 0, 90, 0, 0, 0, 0, 0, 0, 0, 0, 0),
(271, 10, 8, 'AG', 0, 90, 0, 0, 0, 0, 0, 0, 0, 0, 0),
(272, 11, 8, 'AC', 0, 90, 0, 0, 0, 0, 0, 0, 0, 0, 0),
(273, 14, 8, 'DC', 0, 1, 3, 0, 0, 0, 0, 0, 0, 0, 0),
(274, 16, 8, 'LD', 0, 90, 0, 0, 0, 0, 0, 0, 0, 0, 0),
(275, 1, 10, 'GB', 0, 90, 0, 0, 0, 0, 0, 0, 0, 0, 0),
(276, 3, 10, 'LG', 0, 90, 0, 0, 0, 0, 0, 0, 0, 0, 0),
(277, 4, 10, 'LD', 0, 90, 0, 0, 0, 0, 0, 0, 0, 0, 0),
(278, 10, 10, 'AG', 0, 90, 0, 0, 0, 0, 0, 0, 0, 0, 0),
(279, 11, 10, 'MO', 0, 90, 0, 0, 0, 0, 0, 0, 0, 0, 0),
(280, 14, 10, 'DC', 0, 90, 0, 0, 0, 0, 0, 0, 0, 0, 0),
(281, 17, 10, 'DC', 0, 90, 0, 0, 0, 0, 0, 0, 0, 0, 0),
(282, 22, 10, 'MD', 0, 90, 0, 0, 0, 0, 0, 0, 0, 0, 0),
(283, 23, 10, 'MD', 0, 90, 0, 0, 0, 0, 0, 0, 0, 0, 0),
(284, 24, 10, 'MO', 0, 90, 0, 0, 0, 0, 0, 0, 0, 0, 0),
(285, 25, 10, 'AC', 0, 90, 0, 0, 0, 0, 0, 0, 0, 0, 0),
(286, 1, 3, 'GB', 0, 90, 0, 0, 0, 0, 0, 0, 0, 0, 0),
(287, 3, 3, 'LG', 0, 90, 1, 0, 0, 0, 1, 0, 0, 0, 0),
(288, 4, 3, 'LD', 0, 22, 2, 0, 0, 0, 3, 0, 0, 0, 0),
(289, 10, 3, 'AG', 0, 90, 0, 0, 0, 0, 0, 0, 0, 0, 0),
(290, 11, 3, 'MO', 0, 90, 0, 1, 1, 0, 0, 0, 0, 0, 0),
(291, 14, 3, 'DC', 0, 20, 2, 0, 0, 0, 0, 0, 0, 1, 0),
(292, 17, 3, 'DC', 0, 90, 0, 0, 0, 0, 0, 0, 0, 1, 0),
(293, 22, 3, 'MD', 0, 90, 1, 1, 1, 0, 0, 0, 0, 0, 0),
(294, 23, 3, 'MD', 0, 90, 3, 3, 0, 0, 0, 0, 0, 0, 0),
(295, 24, 3, 'MO', 0, 90, 0, 0, 0, 0, 0, 0, 0, 0, 0),
(296, 25, 3, 'AC', 0, 90, 0, 0, 0, 0, 0, 0, 0, 0, 0),
(297, 16, 3, 'MD', 20, 90, 0, 0, 0, 0, 0, 0, 0, 0, 0),
(298, 19, 3, 'LD', 22, 90, 0, 0, 0, 0, 0, 0, 0, 0, 0),
(299, 20, 3, 'GB', 23, 90, 0, 0, 0, 0, 0, 0, 0, 0, 0),
(300, 1, 4, 'GB', 0, 5, 0, 0, 0, 4, 0, 0, 0, 0, 0),
(301, 3, 4, 'LG', 0, 4, 1, 0, 0, 0, 2, 0, 0, 1, 0),
(302, 4, 4, 'LD', 0, 90, 2, 0, 0, 0, 4, 0, 0, 0, 0),
(303, 10, 4, 'AG', 0, 90, 0, 0, 0, 0, 0, 0, 0, 0, 0),
(304, 11, 4, 'MO', 0, 90, 0, 1, 2, 0, 0, 0, 0, 0, 0),
(305, 14, 4, 'DC', 0, 0, 3, 0, 0, 0, 0, 0, 0, 2, 0),
(306, 17, 4, 'DC', 0, 1, 3, 0, 0, 0, 0, 0, 0, 2, 0),
(307, 22, 4, 'MD', 0, 90, 0, 2, 2, 0, 0, 0, 0, 0, 0),
(308, 23, 4, 'MD', 0, 90, 0, 2, 1, 0, 0, 0, 0, 0, 0),
(309, 24, 4, 'MO', 0, 90, 0, 1, 1, 0, 0, 0, 0, 0, 0),
(310, 25, 4, 'AC', 0, 3, 0, 0, 0, 0, 0, 0, 0, 0, 0),
(311, 26, 4, 'AC', 3, 90, 0, 0, 0, 0, 0, 0, 0, 0, 0),
(312, 18, 4, 'LG', 4, 90, 4, 0, 0, 0, 5, 0, 0, 0, 0),
(313, 20, 4, 'GB', 5, 90, 0, 0, 0, 7, 0, 0, 0, 0, 0),
(314, 1, 6, 'GB', 0, 90, 0, 0, 0, 0, 0, 0, 0, 0, 0),
(315, 3, 6, 'LG', 0, 90, 1, 0, 0, 0, 2, 0, 0, 0, 0),
(316, 4, 6, 'LD', 0, 90, 0, 0, 0, 0, 4, 0, 0, 0, 0),
(317, 10, 6, 'AG', 0, 90, 0, 0, 0, 0, 0, 0, 0, 0, 0),
(318, 11, 6, 'MO', 0, 90, 0, 0, 0, 0, 0, 0, 0, 0, 0),
(319, 14, 6, 'DC', 0, 2, 1, 0, 0, 0, 0, 0, 0, 0, 0),
(320, 17, 6, 'DC', 0, 1, 1, 0, 0, 0, 0, 0, 0, 0, 0),
(321, 22, 6, 'MD', 0, 90, 0, 0, 0, 0, 0, 0, 0, 0, 0),
(322, 23, 6, 'MD', 0, 90, 0, 0, 0, 0, 0, 0, 0, 0, 0),
(323, 24, 6, 'MO', 0, 90, 0, 0, 0, 0, 0, 0, 0, 0, 0),
(324, 25, 6, 'AC', 0, 90, 0, 0, 0, 0, 0, 0, 0, 0, 0),
(325, 27, 6, 'DC', 1, 90, 6, 0, 0, 0, 0, 0, 0, 1, 0),
(326, 16, 6, 'MD', 2, 90, 4, 0, 0, 0, 0, 0, 0, 0, 0),
(327, 1, 7, 'GB', 0, 0, 0, 0, 0, 0, 0, 0, 0, 0, 0),
(328, 3, 7, 'LG', 0, 90, 0, 0, 0, 0, 0, 0, 0, 0, 0),
(329, 4, 7, 'LD', 0, 90, 0, 0, 0, 0, 0, 0, 0, 0, 0),
(330, 10, 7, 'AG', 0, 90, 0, 0, 0, 0, 0, 0, 0, 0, 0),
(331, 11, 7, 'MO', 0, 90, 0, 0, 0, 0, 0, 0, 0, 0, 0),
(332, 14, 7, 'DC', 0, 90, 0, 0, 0, 0, 0, 0, 0, 0, 0),
(333, 17, 7, 'DC', 0, 90, 6, 0, 0, 0, 0, 0, 0, 1, 0),
(334, 22, 7, 'MD', 0, 1, 11, 5, 6, 0, 0, 0, 0, 1, 0),
(335, 23, 7, 'MD', 0, 2, 0, 0, 0, 0, 0, 0, 0, 0, 0),
(336, 24, 7, 'MO', 0, 3, 0, 0, 0, 0, 0, 0, 0, 0, 0),
(337, 25, 7, 'AC', 0, 3, 0, 0, 0, 0, 0, 0, 0, 0, 0),
(338, 20, 7, 'GB', 0, 90, 0, 0, 0, 11, 0, 0, 0, 0, 0),
(339, 16, 7, 'MD', 1, 90, 0, 15, 5, 0, 0, 0, 0, 0, 0),
(340, 22, 7, 'MD', 2, 90, 0, 0, 0, 0, 0, 0, 0, 0, 0),
(341, 26, 7, 'AC', 3, 90, 0, 0, 0, 0, 0, 0, 0, 0, 0),
(342, 28, 7, 'MO', 3, 90, 0, 0, 0, 0, 0, 0, 0, 0, 0),
(343, 1, 8, 'GB', 0, 90, 0, 0, 0, 0, 0, 0, 0, 0, 0),
(344, 3, 8, 'LG', 0, 90, 5, 0, 0, 0, 3, 0, 0, 0, 0),
(345, 4, 8, 'LD', 0, 90, 0, 0, 0, 0, 0, 0, 0, 0, 0),
(346, 10, 8, 'AG', 0, 90, 0, 0, 0, 0, 0, 0, 0, 0, 0),
(347, 11, 8, 'MO', 0, 90, 0, 0, 0, 0, 0, 0, 0, 0, 0),
(348, 14, 8, 'DC', 0, 90, 0, 0, 0, 0, 0, 0, 0, 0, 0),
(349, 17, 8, 'DC', 0, 1, 4, 0, 0, 0, 0, 0, 0, 0, 0),
(350, 22, 8, 'MD', 0, 90, 0, 0, 0, 0, 0, 0, 0, 0, 0),
(351, 23, 8, 'MD', 0, 90, 0, 0, 0, 0, 0, 0, 0, 0, 0),
(352, 24, 8, 'MO', 0, 90, 0, 0, 0, 0, 0, 0, 0, 0, 0),
(353, 25, 8, 'AC', 0, 90, 0, 0, 0, 0, 0, 0, 0, 0, 0),
(354, 16, 8, 'MD', 0, 90, 0, 0, 0, 0, 0, 0, 0, 0, 0),
(355, 27, 8, 'DC', 1, 90, 24, 0, 0, 0, 0, 0, 0, 1, 0),
(356, 1, 9, 'GB', 0, 90, 0, 0, 0, 0, 0, 0, 0, 0, 0),
(357, 3, 9, 'LG', 0, 0, 0, 0, 0, 0, 0, 0, 0, 0, 0),
(358, 4, 9, 'LD', 0, 90, 0, 0, 0, 0, 0, 0, 0, 0, 0),
(359, 10, 9, 'AG', 0, 90, 0, 0, 0, 0, 0, 0, 0, 0, 0),
(360, 11, 9, 'MO', 0, 90, 0, 0, 0, 0, 0, 0, 0, 0, 0),
(361, 14, 9, 'DC', 0, 90, 0, 0, 0, 0, 0, 0, 0, 0, 0),
(362, 17, 9, 'DC', 0, 90, 0, 0, 0, 0, 0, 0, 0, 0, 0),
(363, 22, 9, 'MD', 0, 90, 0, 0, 0, 0, 0, 0, 0, 0, 0),
(364, 23, 9, 'MD', 0, 90, 0, 0, 0, 0, 0, 0, 0, 0, 0),
(365, 24, 9, 'MO', 0, 90, 0, 0, 0, 0, 0, 0, 0, 0, 0),
(366, 25, 9, 'AC', 0, 1, 0, 0, 0, 0, 0, 0, 0, 0, 0),
(367, 27, 9, 'DC', 0, 90, 2, 0, 0, 0, 0, 0, 0, 0, 0),
(368, 18, 9, 'LG', 0, 90, 7, 0, 0, 0, 5, 0, 0, 0, 0),
(369, 21, 9, 'AD', 1, 90, 0, 0, 0, 0, 0, 0, 0, 0, 0),
(370, 26, 9, 'AC', 1, 90, 0, 0, 0, 0, 0, 0, 0, 0, 0),
(371, 1, 8, 'GB', 0, 90, 0, 0, 0, 0, 0, 0, 0, 0, 0),
(372, 3, 8, 'LG', 0, 90, 0, 0, 0, 0, 0, 0, 0, 0, 0),
(373, 4, 8, 'LD', 0, 90, 0, 0, 0, 0, 0, 0, 0, 0, 0),
(374, 10, 8, 'AG', 0, 90, 0, 0, 0, 0, 0, 0, 0, 0, 0),
(375, 11, 8, 'MO', 0, 90, 0, 0, 0, 0, 0, 0, 0, 0, 0),
(376, 16, 8, 'DC', 0, 90, 0, 0, 0, 0, 0, 0, 0, 0, 0),
(377, 17, 8, 'DC', 0, 90, 0, 0, 0, 0, 0, 0, 0, 0, 0),
(378, 22, 8, 'MD', 0, 90, 0, 0, 0, 0, 0, 0, 0, 0, 0),
(379, 23, 8, 'MD', 0, 90, 0, 0, 0, 0, 0, 0, 0, 0, 0),
(380, 24, 8, 'MO', 0, 90, 0, 0, 0, 0, 0, 0, 0, 0, 0),
(381, 25, 8, 'AC', 0, 90, 0, 0, 0, 0, 0, 0, 0, 0, 0),
(382, 1, 8, 'GB', 0, 90, 0, 0, 0, 0, 0, 0, 0, 0, 0),
(383, 3, 8, 'LG', 0, 90, 0, 0, 0, 0, 0, 0, 0, 0, 0),
(384, 4, 8, 'LD', 0, 90, 0, 0, 0, 0, 0, 0, 0, 0, 0),
(385, 10, 8, 'AG', 0, 90, 0, 0, 0, 0, 0, 0, 0, 0, 0),
(386, 11, 8, 'MO', 0, 90, 0, 0, 0, 0, 0, 0, 0, 0, 0),
(387, 16, 8, 'DC', 0, 90, 0, 0, 0, 0, 0, 0, 0, 0, 0),
(388, 17, 8, 'DC', 0, 90, 0, 0, 0, 0, 0, 0, 0, 0, 0),
(389, 22, 8, 'MD', 0, 90, 0, 0, 0, 0, 0, 0, 0, 0, 0),
(390, 23, 8, 'MD', 0, 90, 0, 0, 0, 0, 0, 0, 0, 0, 0),
(391, 24, 8, 'MO', 0, 90, 0, 0, 0, 0, 0, 0, 0, 0, 0),
(392, 25, 8, 'AC', 0, 90, 0, 0, 0, 0, 0, 0, 0, 0, 0),
(393, 1, 11, 'GB', 0, 90, 0, 0, 0, 0, 0, 0, 0, 0, 0),
(394, 3, 11, 'LG', 0, 90, 0, 0, 0, 0, 0, 0, 0, 0, 0),
(395, 4, 11, 'LD', 0, 90, 0, 0, 0, 0, 0, 0, 0, 0, 0),
(396, 10, 11, 'AG', 0, 90, 0, 0, 0, 0, 0, 0, 0, 0, 0),
(397, 11, 11, 'MO', 0, 90, 0, 0, 0, 0, 0, 0, 0, 0, 0),
(398, 16, 11, 'DC', 0, 90, 0, 0, 0, 0, 0, 0, 0, 0, 0),
(399, 17, 11, 'DC', 0, 90, 0, 0, 0, 0, 0, 0, 0, 0, 0),
(400, 22, 11, 'MD', 0, 90, 0, 0, 0, 0, 0, 0, 0, 0, 0),
(401, 23, 11, 'MD', 0, 90, 0, 0, 0, 0, 0, 0, 0, 0, 0),
(402, 24, 11, 'MO', 0, 90, 0, 0, 0, 0, 0, 0, 0, 0, 0),
(403, 25, 11, 'AC', 0, 90, 0, 0, 0, 0, 0, 0, 0, 0, 0),
(404, 1, 8, 'GB', 0, 90, 0, 0, 0, 0, 0, 0, 0, 0, 0),
(405, 3, 8, 'LG', 0, 90, 0, 0, 0, 0, 0, 0, 0, 0, 0),
(406, 4, 8, 'LD', 0, 90, 0, 0, 0, 0, 0, 0, 0, 0, 0),
(407, 10, 8, 'AG', 0, 90, 0, 0, 0, 0, 0, 0, 0, 0, 0),
(408, 11, 8, 'MO', 0, 90, 0, 0, 0, 0, 0, 0, 0, 0, 0),
(409, 14, 8, 'DC', 0, 90, 0, 0, 0, 0, 0, 0, 0, 0, 0),
(410, 17, 8, 'DC', 0, 90, 0, 0, 0, 0, 0, 0, 0, 0, 0),
(411, 22, 8, 'MD', 0, 90, 0, 0, 0, 0, 0, 0, 0, 0, 0),
(412, 23, 8, 'MD', 0, 90, 0, 0, 0, 0, 0, 0, 0, 0, 0),
(413, 24, 8, 'MO', 0, 90, 0, 0, 0, 0, 0, 0, 0, 0, 0),
(414, 25, 8, 'AC', 0, 90, 0, 0, 0, 0, 0, 0, 0, 0, 0),
(415, 16, 8, 'MD', 1, 90, 0, 0, 0, 0, 0, 0, 0, 0, 0);

-- --------------------------------------------------------

--
-- Structure de la table `niveau`
--

CREATE TABLE `niveau` (
  `id` int(11) NOT NULL,
  `libelle_niv` varchar(40) COLLATE utf8_unicode_ci NOT NULL
) ENGINE=InnoDB DEFAULT CHARSET=utf8 COLLATE=utf8_unicode_ci;

--
-- Contenu de la table `niveau`
--

INSERT INTO `niveau` (`id`, `libelle_niv`) VALUES
(1, 'U19'),
(2, 'U20');

-- --------------------------------------------------------

--
-- Structure de la table `passe_decisive`
--

CREATE TABLE `passe_decisive` (
  `id` int(11) NOT NULL,
  `but_id` int(11) NOT NULL,
  `joueur_id` int(11) NOT NULL,
  `type_passe_id` int(11) NOT NULL
) ENGINE=InnoDB DEFAULT CHARSET=utf8 COLLATE=utf8_unicode_ci;

--
-- Contenu de la table `passe_decisive`
--

INSERT INTO `passe_decisive` (`id`, `but_id`, `joueur_id`, `type_passe_id`) VALUES
(1, 1, 6, 4),
(2, 2, 6, 5),
(3, 3, 8, 1),
(4, 5, 7, 3),
(5, 6, 7, 5),
(6, 8, 10, 4),
(7, 10, 11, 6),
(8, 12, 11, 4),
(9, 13, 11, 4),
(10, 15, 24, 5),
(11, 16, 26, 6),
(12, 17, 11, 4),
(13, 18, 24, 2),
(14, 20, 28, 1),
(16, 22, 24, 4),
(17, 24, 24, 2);

-- --------------------------------------------------------

--
-- Structure de la table `poste`
--

CREATE TABLE `poste` (
  `id` int(11) NOT NULL,
  `libelle_poste` varchar(40) COLLATE utf8_unicode_ci NOT NULL,
  `descrip_poste` varchar(40) COLLATE utf8_unicode_ci NOT NULL
) ENGINE=InnoDB DEFAULT CHARSET=utf8 COLLATE=utf8_unicode_ci;

--
-- Contenu de la table `poste`
--

INSERT INTO `poste` (`id`, `libelle_poste`, `descrip_poste`) VALUES
(1, 'GB', 'Gardien de But'),
(2, 'DC', 'Défenseur Central'),
(3, 'LD', 'Latéral Droit'),
(4, 'LG', 'Latéral Gauche'),
(5, 'MD', 'Milieu Défensif'),
(6, 'MO', 'Milieu Offensif'),
(7, 'AC', 'Attaquant Central'),
(8, 'AG', 'Ailier Gauche'),
(9, 'AD', 'Ailier Droit'),
(10, 'LIB', 'Liberau'),
(11, 'MR', 'Milieu Relayeur');

-- --------------------------------------------------------

--
-- Structure de la table `syst_jeu_def`
--

CREATE TABLE `syst_jeu_def` (
  `id` int(11) NOT NULL,
  `libelle_syst` varchar(20) COLLATE utf8_unicode_ci NOT NULL,
  `descrip_syst` longtext COLLATE utf8_unicode_ci NOT NULL
) ENGINE=InnoDB DEFAULT CHARSET=utf8 COLLATE=utf8_unicode_ci;

--
-- Contenu de la table `syst_jeu_def`
--

INSERT INTO `syst_jeu_def` (`id`, `libelle_syst`, `descrip_syst`) VALUES
(1, '4-3-3', 'systeme classique.'),
(2, '3-5-2', 'syeteme offensif');

-- --------------------------------------------------------

--
-- Structure de la table `type_action`
--

CREATE TABLE `type_action` (
  `id` int(11) NOT NULL,
  `libelle_type_act` varchar(40) COLLATE utf8_unicode_ci NOT NULL
) ENGINE=InnoDB DEFAULT CHARSET=utf8 COLLATE=utf8_unicode_ci;

--
-- Contenu de la table `type_action`
--

INSERT INTO `type_action` (`id`, `libelle_type_act`) VALUES
(1, 'Contre attaque'),
(2, 'Corner'),
(3, 'Cf indirect'),
(4, 'action collective'),
(5, 'Pas d\'action');

-- --------------------------------------------------------

--
-- Structure de la table `type_but`
--

CREATE TABLE `type_but` (
  `id` int(11) NOT NULL,
  `libelle_type_but` varchar(40) COLLATE utf8_unicode_ci NOT NULL
) ENGINE=InnoDB DEFAULT CHARSET=utf8 COLLATE=utf8_unicode_ci;

--
-- Contenu de la table `type_but`
--

INSERT INTO `type_but` (`id`, `libelle_type_but`) VALUES
(1, 'Coup de tete'),
(2, 'Frappe Lointaine'),
(3, 'tir enrobé'),
(4, 'tir lobé'),
(5, 'Reprise de volée'),
(6, 'Penalty'),
(7, 'Cf Direct'),
(8, 'CSC');

-- --------------------------------------------------------

--
-- Structure de la table `type_passe`
--

CREATE TABLE `type_passe` (
  `id` int(11) NOT NULL,
  `libelle_type_passe` varchar(40) COLLATE utf8_unicode_ci NOT NULL
) ENGINE=InnoDB DEFAULT CHARSET=utf8 COLLATE=utf8_unicode_ci;

--
-- Contenu de la table `type_passe`
--

INSERT INTO `type_passe` (`id`, `libelle_type_passe`) VALUES
(1, 'Centre sur Couf-franc'),
(2, 'Centre sur Corner'),
(3, 'Centre dans le jeu'),
(4, 'passe à travers la defense'),
(5, 'passe au dessus de la defense'),
(6, 'Passe Simple');

-- --------------------------------------------------------

--
-- Structure de la table `user`
--

CREATE TABLE `user` (
  `id` int(11) NOT NULL,
  `username` varchar(255) COLLATE utf8_unicode_ci NOT NULL,
  `password` longtext COLLATE utf8_unicode_ci NOT NULL,
  `salt` varchar(255) COLLATE utf8_unicode_ci NOT NULL,
  `roles` longtext COLLATE utf8_unicode_ci NOT NULL COMMENT '(DC2Type:array)'
) ENGINE=InnoDB DEFAULT CHARSET=utf8 COLLATE=utf8_unicode_ci;

--
-- Index pour les tables exportées
--

--
-- Index pour la table `but`
--
ALTER TABLE `but`
  ADD PRIMARY KEY (`id`),
  ADD KEY `IDX_B132FECAA9E2D76C` (`joueur_id`),
  ADD KEY `IDX_B132FECA9B46209C` (`type_but_id`),
  ADD KEY `IDX_B132FECA29F4B125` (`type_action_id`),
  ADD KEY `IDX_B132FECA9D318F34` (`match_foot_id`);

--
-- Index pour la table `club`
--
ALTER TABLE `club`
  ADD PRIMARY KEY (`id`);

--
-- Index pour la table `competition`
--
ALTER TABLE `competition`
  ADD PRIMARY KEY (`id`);

--
-- Index pour la table `equipe`
--
ALTER TABLE `equipe`
  ADD PRIMARY KEY (`id`),
  ADD KEY `IDX_2449BA1561190A32` (`club_id`),
  ADD KEY `IDX_2449BA15B3E9C81` (`niveau_id`),
  ADD KEY `IDX_2449BA15346F772E` (`systeme_id`);

--
-- Index pour la table `equipe_manager`
--
ALTER TABLE `equipe_manager`
  ADD PRIMARY KEY (`id`),
  ADD KEY `IDX_22243905783E3463` (`manager_id`),
  ADD KEY `IDX_222439056D861B89` (`equipe_id`);

--
-- Index pour la table `joueur`
--
ALTER TABLE `joueur`
  ADD PRIMARY KEY (`id`),
  ADD KEY `IDX_FD71A9C5A0905086` (`poste_id`);

--
-- Index pour la table `joueur_equipe`
--
ALTER TABLE `joueur_equipe`
  ADD PRIMARY KEY (`id`),
  ADD KEY `IDX_CDF2AA99A9E2D76C` (`joueur_id`),
  ADD KEY `IDX_CDF2AA996D861B89` (`equipe_id`);

--
-- Index pour la table `manager`
--
ALTER TABLE `manager`
  ADD PRIMARY KEY (`id`),
  ADD UNIQUE KEY `UNIQ_FA2425B9F85E0677` (`username`);

--
-- Index pour la table `match_equipe`
--
ALTER TABLE `match_equipe`
  ADD PRIMARY KEY (`id`),
  ADD KEY `IDX_852643146D861B89` (`equipe_id`),
  ADD KEY `IDX_852643142ABEACD6` (`match_id`);

--
-- Index pour la table `match_foot`
--
ALTER TABLE `match_foot`
  ADD PRIMARY KEY (`id`),
  ADD KEY `IDX_A8E088E17B39D312` (`competition_id`);

--
-- Index pour la table `match_joueur`
--
ALTER TABLE `match_joueur`
  ADD PRIMARY KEY (`id`),
  ADD KEY `IDX_5C1E50C4A9E2D76C` (`joueur_id`),
  ADD KEY `IDX_5C1E50C49D318F34` (`match_foot_id`);

--
-- Index pour la table `niveau`
--
ALTER TABLE `niveau`
  ADD PRIMARY KEY (`id`);

--
-- Index pour la table `passe_decisive`
--
ALTER TABLE `passe_decisive`
  ADD PRIMARY KEY (`id`),
  ADD UNIQUE KEY `UNIQ_ABDCFE8DB8914BA4` (`but_id`),
  ADD KEY `IDX_ABDCFE8DA9E2D76C` (`joueur_id`),
  ADD KEY `IDX_ABDCFE8D8F70D037` (`type_passe_id`);

--
-- Index pour la table `poste`
--
ALTER TABLE `poste`
  ADD PRIMARY KEY (`id`);

--
-- Index pour la table `syst_jeu_def`
--
ALTER TABLE `syst_jeu_def`
  ADD PRIMARY KEY (`id`);

--
-- Index pour la table `type_action`
--
ALTER TABLE `type_action`
  ADD PRIMARY KEY (`id`);

--
-- Index pour la table `type_but`
--
ALTER TABLE `type_but`
  ADD PRIMARY KEY (`id`);

--
-- Index pour la table `type_passe`
--
ALTER TABLE `type_passe`
  ADD PRIMARY KEY (`id`);

--
-- Index pour la table `user`
--
ALTER TABLE `user`
  ADD PRIMARY KEY (`id`),
  ADD UNIQUE KEY `UNIQ_8D93D649F85E0677` (`username`);

--
-- AUTO_INCREMENT pour les tables exportées
--

--
-- AUTO_INCREMENT pour la table `but`
--
ALTER TABLE `but`
  MODIFY `id` int(11) NOT NULL AUTO_INCREMENT, AUTO_INCREMENT=25;
--
-- AUTO_INCREMENT pour la table `club`
--
ALTER TABLE `club`
  MODIFY `id` int(11) NOT NULL AUTO_INCREMENT, AUTO_INCREMENT=5;
--
-- AUTO_INCREMENT pour la table `competition`
--
ALTER TABLE `competition`
  MODIFY `id` int(11) NOT NULL AUTO_INCREMENT, AUTO_INCREMENT=5;
--
-- AUTO_INCREMENT pour la table `equipe`
--
ALTER TABLE `equipe`
  MODIFY `id` int(11) NOT NULL AUTO_INCREMENT, AUTO_INCREMENT=5;
--
-- AUTO_INCREMENT pour la table `equipe_manager`
--
ALTER TABLE `equipe_manager`
  MODIFY `id` int(11) NOT NULL AUTO_INCREMENT, AUTO_INCREMENT=4;
--
-- AUTO_INCREMENT pour la table `joueur`
--
ALTER TABLE `joueur`
  MODIFY `id` int(11) NOT NULL AUTO_INCREMENT, AUTO_INCREMENT=29;
--
-- AUTO_INCREMENT pour la table `joueur_equipe`
--
ALTER TABLE `joueur_equipe`
  MODIFY `id` int(11) NOT NULL AUTO_INCREMENT, AUTO_INCREMENT=28;
--
-- AUTO_INCREMENT pour la table `manager`
--
ALTER TABLE `manager`
  MODIFY `id` int(11) NOT NULL AUTO_INCREMENT, AUTO_INCREMENT=4;
--
-- AUTO_INCREMENT pour la table `match_equipe`
--
ALTER TABLE `match_equipe`
  MODIFY `id` int(11) NOT NULL AUTO_INCREMENT, AUTO_INCREMENT=19;
--
-- AUTO_INCREMENT pour la table `match_foot`
--
ALTER TABLE `match_foot`
  MODIFY `id` int(11) NOT NULL AUTO_INCREMENT, AUTO_INCREMENT=12;
--
-- AUTO_INCREMENT pour la table `match_joueur`
--
ALTER TABLE `match_joueur`
  MODIFY `id` int(11) NOT NULL AUTO_INCREMENT, AUTO_INCREMENT=416;
--
-- AUTO_INCREMENT pour la table `niveau`
--
ALTER TABLE `niveau`
  MODIFY `id` int(11) NOT NULL AUTO_INCREMENT, AUTO_INCREMENT=3;
--
-- AUTO_INCREMENT pour la table `passe_decisive`
--
ALTER TABLE `passe_decisive`
  MODIFY `id` int(11) NOT NULL AUTO_INCREMENT, AUTO_INCREMENT=18;
--
-- AUTO_INCREMENT pour la table `poste`
--
ALTER TABLE `poste`
  MODIFY `id` int(11) NOT NULL AUTO_INCREMENT, AUTO_INCREMENT=12;
--
-- AUTO_INCREMENT pour la table `syst_jeu_def`
--
ALTER TABLE `syst_jeu_def`
  MODIFY `id` int(11) NOT NULL AUTO_INCREMENT, AUTO_INCREMENT=3;
--
-- AUTO_INCREMENT pour la table `type_action`
--
ALTER TABLE `type_action`
  MODIFY `id` int(11) NOT NULL AUTO_INCREMENT, AUTO_INCREMENT=6;
--
-- AUTO_INCREMENT pour la table `type_but`
--
ALTER TABLE `type_but`
  MODIFY `id` int(11) NOT NULL AUTO_INCREMENT, AUTO_INCREMENT=9;
--
-- AUTO_INCREMENT pour la table `type_passe`
--
ALTER TABLE `type_passe`
  MODIFY `id` int(11) NOT NULL AUTO_INCREMENT, AUTO_INCREMENT=7;
--
-- AUTO_INCREMENT pour la table `user`
--
ALTER TABLE `user`
  MODIFY `id` int(11) NOT NULL AUTO_INCREMENT;
--
-- Contraintes pour les tables exportées
--

--
-- Contraintes pour la table `but`
--
ALTER TABLE `but`
  ADD CONSTRAINT `FK_B132FECA29F4B125` FOREIGN KEY (`type_action_id`) REFERENCES `type_action` (`id`),
  ADD CONSTRAINT `FK_B132FECA9B46209C` FOREIGN KEY (`type_but_id`) REFERENCES `type_but` (`id`),
  ADD CONSTRAINT `FK_B132FECA9D318F34` FOREIGN KEY (`match_foot_id`) REFERENCES `match_foot` (`id`),
  ADD CONSTRAINT `FK_B132FECAA9E2D76C` FOREIGN KEY (`joueur_id`) REFERENCES `joueur` (`id`);

--
-- Contraintes pour la table `equipe`
--
ALTER TABLE `equipe`
  ADD CONSTRAINT `FK_2449BA15346F772E` FOREIGN KEY (`systeme_id`) REFERENCES `syst_jeu_def` (`id`),
  ADD CONSTRAINT `FK_2449BA1561190A32` FOREIGN KEY (`club_id`) REFERENCES `club` (`id`),
  ADD CONSTRAINT `FK_2449BA15B3E9C81` FOREIGN KEY (`niveau_id`) REFERENCES `niveau` (`id`);

--
-- Contraintes pour la table `equipe_manager`
--
ALTER TABLE `equipe_manager`
  ADD CONSTRAINT `FK_222439056D861B89` FOREIGN KEY (`equipe_id`) REFERENCES `equipe` (`id`),
  ADD CONSTRAINT `FK_22243905783E3463` FOREIGN KEY (`manager_id`) REFERENCES `manager` (`id`);

--
-- Contraintes pour la table `joueur`
--
ALTER TABLE `joueur`
  ADD CONSTRAINT `FK_FD71A9C5A0905086` FOREIGN KEY (`poste_id`) REFERENCES `poste` (`id`);

--
-- Contraintes pour la table `joueur_equipe`
--
ALTER TABLE `joueur_equipe`
  ADD CONSTRAINT `FK_CDF2AA996D861B89` FOREIGN KEY (`equipe_id`) REFERENCES `equipe` (`id`),
  ADD CONSTRAINT `FK_CDF2AA99A9E2D76C` FOREIGN KEY (`joueur_id`) REFERENCES `joueur` (`id`);

--
-- Contraintes pour la table `match_equipe`
--
ALTER TABLE `match_equipe`
  ADD CONSTRAINT `FK_852643142ABEACD6` FOREIGN KEY (`match_id`) REFERENCES `match_foot` (`id`),
  ADD CONSTRAINT `FK_852643146D861B89` FOREIGN KEY (`equipe_id`) REFERENCES `equipe` (`id`);

--
-- Contraintes pour la table `match_foot`
--
ALTER TABLE `match_foot`
  ADD CONSTRAINT `FK_A8E088E17B39D312` FOREIGN KEY (`competition_id`) REFERENCES `competition` (`id`);

--
-- Contraintes pour la table `match_joueur`
--
ALTER TABLE `match_joueur`
  ADD CONSTRAINT `FK_5C1E50C49D318F34` FOREIGN KEY (`match_foot_id`) REFERENCES `match_foot` (`id`),
  ADD CONSTRAINT `FK_5C1E50C4A9E2D76C` FOREIGN KEY (`joueur_id`) REFERENCES `joueur` (`id`);

--
-- Contraintes pour la table `passe_decisive`
--
ALTER TABLE `passe_decisive`
  ADD CONSTRAINT `FK_ABDCFE8D8F70D037` FOREIGN KEY (`type_passe_id`) REFERENCES `type_passe` (`id`),
  ADD CONSTRAINT `FK_ABDCFE8DA9E2D76C` FOREIGN KEY (`joueur_id`) REFERENCES `joueur` (`id`),
  ADD CONSTRAINT `FK_ABDCFE8DB8914BA4` FOREIGN KEY (`but_id`) REFERENCES `but` (`id`);

/*!40101 SET CHARACTER_SET_CLIENT=@OLD_CHARACTER_SET_CLIENT */;
/*!40101 SET CHARACTER_SET_RESULTS=@OLD_CHARACTER_SET_RESULTS */;
/*!40101 SET COLLATION_CONNECTION=@OLD_COLLATION_CONNECTION */;
